{"train_loss": [0.5372965375529816, 0.5130389275610763, 0.5078572951244088, 0.504137036832447, 0.49967830821976883, 0.4992060828198411, 0.4964423642035515, 0.4865369274620972, 0.48476647267633854, 0.48229572178247326, 0.4833641490279787, 0.4812103694984837, 0.4812617074744201, 0.47938230891286593, 0.4766884874585339, 0.4764699142301419, 0.4721795053170367, 0.47170524850382584, 0.473244619820221, 0.47097062726211086, 0.31597911729107775, 0.20605306264022907, 0.16601645310098925, 0.14131688876603146, 0.1250078421672461, 0.11275105505900021, 0.1025215458680056, 0.09350803516566182, 0.08515831929164638, 0.08069781496126296, 0.07631597208358902, 0.0694969573697343, 0.06806954064908868, 0.04885669389358357, 0.04345004717262262, 0.04035541081812709, 0.038651318672475815, 0.03685721016692593, 0.0343227550762845, 0.03241854674218429, 0.032765768984318516, 0.03132228404132872, 0.031178217176601027, 0.030014307499460834, 0.028136694663879247, 0.026810918917261815, 0.026845380018648633, 0.02127911364978688, 0.018534725653088568, 0.0185819989697676, 0.0167552835918873, 0.01545195495528295, 0.016589886320549373, 0.01659995054721165, 0.015100774128922523, 0.015197023472950728, 0.012333451042147298, 0.011803472146608282, 0.011708770904196444], "train_acc": [0.7351944222448811, 0.7540579270813239, 0.7569239672610025, 0.7586050100586987, 0.7634552319012319, 0.7622426764405985, 0.7635792432551602, 0.7684570231763441, 0.7696833576763028, 0.771805329732411, 0.7712128310414198, 0.7713368423953482, 0.7716537602998319, 0.7709510292942376, 0.7736655000413372, 0.7745611375974867, 0.7768622371648248, 0.775994157687326, 0.7752914266817318, 0.7783365943726404, 0.8659437264033951, 0.9214319177666933, 0.9386281588447654, 0.9481632540579271, 0.9546256235015295, 0.9587455562598176, 0.9625761291922728, 0.9662689117314741, 0.9693140794223827, 0.9701959379392069, 0.9729379667649571, 0.9747705789952325, 0.9753492986468983, 0.9826108523713727, 0.985173753685893, 0.9853804392757737, 0.9870063659161683, 0.9869788078375176, 0.9879571196296194, 0.9881086890621986, 0.9882740375341031, 0.9889078733430705, 0.9888665362250944, 0.988852757185769, 0.9896657205059664, 0.9903271143935845, 0.9905751371014413, 0.9924353074103673, 0.993372282084493, 0.9933860611238184, 0.9938269903822305, 0.9948328602529831, 0.9945572794664757, 0.9942403615619919, 0.994860418331634, 0.9944470471518726, 0.9956044864552044, 0.9956733816518313, 0.9959627414776642], "val_loss": [0.48162960816943456, 0.48134330164384903, 0.4705913187886672, 0.48519296408014956, 0.4836529217187374, 0.5016557214456419, 0.4715233016463499, 0.4728241100434273, 0.4868970625890941, 0.46199701683073446, 0.4854473494505756, 0.475152063444651, 0.4835560447955258, 0.4875662141730861, 0.4815009216625224, 0.4830269205763384, 0.4757953400886248, 0.48181670076317257, 0.4744878580212278, 0.49052702653266134, 0.259777759157476, 0.20294261878484457, 0.21964096639763622, 0.1620426967348312, 0.11895361172636508, 0.11239632484182795, 0.10790839374420189, 0.09788115040636892, 0.08788006958334889, 0.09439286815053993, 0.09503108003529691, 0.09789155906333623, 0.09925829845100231, 0.06968210304283409, 0.07297430803698873, 0.0640053361556191, 0.06072628419000919, 0.0640369824145709, 0.06456194617488316, 0.05897186839671824, 0.06549331305032148, 0.06479343621328924, 0.05639704891735972, 0.059880333194905204, 0.0645299290215859, 0.06477759096094901, 0.06138028893707164, 0.05872413491706731, 0.07076300285612111, 0.05398482590487855, 0.05909858060218304, 0.05187246005616592, 0.054614803415085865, 0.05416928241849744, 0.052789207409212335, 0.056226543316827526, 0.05330969293107644, 0.05570026862387725, 0.06098118934843354], "val_acc": [0.7844977263331956, 0.7743695742042166, 0.7814799503927242, 0.7932203389830509, 0.7871021083092187, 0.7952873088052914, 0.7975196362133112, 0.8015708970649028, 0.7941711451012815, 0.8025630425795783, 0.7901612236461347, 0.801529557668458, 0.7983877635386524, 0.800661430343117, 0.7999173212071103, 0.7972302604381976, 0.8040926002480364, 0.80549813972716, 0.8061182306738321, 0.8011575031004547, 0.9267465894997933, 0.9404299297230261, 0.9332782141380735, 0.950971475816453, 0.9686233980983877, 0.9653989251756925, 0.9718065316246383, 0.9710624224886316, 0.972964034725093, 0.967465894997933, 0.9671765192228193, 0.9687474162877222, 0.965729640347251, 0.9767672591980157, 0.9761471682513435, 0.9796610169491525, 0.9796196775527077, 0.9788755684167011, 0.9788342290202563, 0.9806945018602728, 0.9777594047126912, 0.9777594047126912, 0.9812319140140554, 0.9796196775527077, 0.9770979743695742, 0.977800744109136, 0.980446465481604, 0.9801984291029351, 0.9764365440264572, 0.9829268292682927, 0.9809838776353865, 0.9837122778007441, 0.9835469202149648, 0.9829681686647375, 0.9830508474576272, 0.9818106655642828, 0.9827201322860686, 0.9821413807358412, 0.9792476229847045]}